outages, BO size (MW), BO size (branches)
1,3,727.859,14
1,4,727.859,14
1,38,7390.77,93
1,48,4826.58,52
2,3,727.859,14
2,4,727.859,14
2,38,7390.77,93
2,48,4826.58,52
3,38,727.859,3
3,48,727.859,3
3,49,171.6,1
3,96,0,0
4,38,727.859,3
4,48,727.859,3
4,49,171.6,1
4,96,0,0
5,21,338.13,8
5,24,0,1
5,33,338.13,8
5,34,545.622,11
5,35,0,1
5,36,300.01,7
5,52,228.22,5
5,280,0,1
5,418,233.83,5
5,430,176.17,3
5,431,181.78,3
5,481,219.06,5
5,530,228.22,4
5,532,228.22,5
5,583,245.54,6
5,584,228.22,6
5,587,0,2
5,627,221.1,5
5,652,245.54,6
5,661,307.05,9
5,2590,268.2,6
5,2599,304.3,5
5,2600,314.79,6
5,2798,282.69,6
5,2831,320.29,6
7,24,0,1
7,34,0,1
7,250,0,4
7,280,0,1
7,466,134.41,2
7,467,122.19,2
7,479,110.99,1
7,501,110.99,2
7,502,130.33,2
7,714,118.11,2
7,2589,139.48,2
7,2590,150.97,2
7,2599,187.07,2
7,2600,197.56,2
7,2774,133.48,2
7,2776,165.46,2
7,2798,165.46,2
7,2831,203.06,2
8,15,0,1
8,23,0,0
8,24,0,1
8,96,2190.03,26
8,169,2256.44,19
8,250,0,3
8,251,0,3
8,280,0,1
8,772,98.9,1
8,789,0,1
9,23,0,0
9,39,4826.58,49
9,250,0,3
9,251,0,3
9,280,0,1
10,11,6097.02,64
10,23,0,0
10,37,6097.02,62
10,38,6097.02,62
10,39,6097.02,64
10,40,6097.02,64
10,51,6085.13,60
10,52,6115.96,56
10,169,7736.49,85
10,304,0,1
11,23,0,0
11,37,7687.64,96
11,38,7687.64,96
11,39,4645.05,54
11,40,4826.58,53
11,48,4826.58,53
11,96,0,0
11,169,7170.18,86
11,304,0,1
12,13,245.4,4
12,40,245.4,4
12,169,2256.44,19
12,304,0,1
12,374,0,5
13,39,245.4,4
13,40,245.4,3
13,69,245.4,3
14,549,201.07,3
14,720,209.92,3
14,731,212.57,3
15,23,0,0
15,24,0,0
15,28,384.33,4
15,29,0,1
15,38,7687.64,96
15,45,0,1
15,48,7687.64,96
15,52,0,2
15,53,0,1
15,67,384.33,4
15,90,0,1
15,96,2190.03,26
15,98,0,0
15,169,2727.62,26
15,250,3420.41,37
15,251,3420.41,37
15,280,0,1
15,304,0,1
15,374,0,5
15,533,0,1
15,534,0,1
15,610,203.67,4
15,612,181.37,4
15,630,238.55,3
15,682,0,1
15,704,64.36,1
15,705,82.19,1
15,733,181.37,4
15,765,238.55,3
15,772,98.9,1
16,18,187.05,4
16,19,187.05,4
16,23,0,0
16,24,0,1
16,34,0,1
16,48,727.859,5
16,96,2208.84,32
16,789,62.13,3
17,34,474.378,10
18,24,856.63,12
18,30,441.85,9
18,96,2328.3,37
19,24,856.63,12
19,30,441.85,9
19,96,2328.3,37
20,23,0,0
20,38,727.859,10
20,48,727.859,10
20,51,0,1
20,169,3261.08,19
20,250,0,9
20,251,0,9
20,280,0,1
20,304,2452.22,24
20,2129,0,1
20,2326,0,1
21,24,246.66,4
21,48,727.859,5
21,96,7377.1,75
21,250,4118.37,41
21,251,4118.37,41
21,280,0,1
21,587,0,1
22,52,0,1
22,96,2345.1,34
22,250,3420.41,32
22,251,3420.41,32
22,280,0,1
23,24,0,0
23,32,0,0
23,37,0,0
23,38,0,0
23,39,0,0
23,42,0,0
23,48,727.859,5
23,51,0,0
23,52,0,0
23,53,0,0
23,62,0,0
23,73,0,0
23,78,0,0
23,83,0,0
23,85,0,0
23,86,0,0
23,88,0,0
23,90,7555.39,81
23,96,2132.62,27
23,97,0,0
23,98,0,0
23,101,0,0
23,104,0,0
23,105,0,1
23,106,0,1
23,111,79.92,0
23,113,0,0
23,114,0,0
23,115,0,0
23,117,0,0
23,121,0,0
23,122,0,0
23,123,0,0
23,127,0,0
23,130,0,0
23,133,0,0
23,156,0,0
23,161,0,0
23,168,0,0
23,169,0,0
23,177,0,1
23,194,0,0
23,196,0,0
23,214,0,0
23,222,0,0
23,225,0,0
23,233,0,0
23,244,362.43,0
23,245,339.85,0
23,250,0,4
23,251,0,4
23,262,0,0
23,280,0,1
23,300,0,0
23,304,0,1
23,513,0,0
23,529,0,0
23,598,0,0
23,680,0,0
23,720,0,0
23,727,0,0
23,731,0,0
23,771,0,0
23,806,0,0
23,828,0,0
23,924,0,0
23,925,0,0
23,940,0,0
23,941,0,0
23,966,0,0
23,967,0,0
23,987,0,0
23,988,0,0
23,991,0,0
23,1025,0,0
23,1028,0,0
23,1029,0,0
23,1034,79.92,0
23,1035,0,0
23,1102,0,0
24,28,710.89,12
24,30,768.67,11
24,31,795.13,15
24,33,246.66,4
24,34,0,1
24,36,246.66,6
24,42,0,1
24,44,388.44,6
24,48,727.859,5
24,52,3368.4,34
24,53,246.66,7
24,67,710.89,12
24,90,7607.5,73
24,96,7607.5,71
24,98,0,0
24,169,0,6
24,250,5141.7,55
24,251,5141.7,55
24,414,246.66,7
24,420,371.37,6
24,421,379.51,6
24,448,379.51,6
24,449,246.66,6
24,455,204.28,2
24,475,259.49,4
24,476,278.14,4
24,510,516.42,9
24,511,517.44,9
24,530,0,1
24,533,190.04,3
24,534,197.16,2
24,576,363.23,6
24,583,0,1
24,587,0,1
24,602,246.66,6
24,608,528.74,8
24,609,204.28,3
24,613,214.26,5
24,614,246.66,4
24,630,432.26,8
24,632,516.42,8
24,637,710.89,12
24,661,246.66,5
24,663,246.66,5
24,664,246.66,6
24,666,246.66,6
24,672,379.51,6
24,673,376.55,6
24,674,246.66,6
24,675,246.66,6
24,682,183.92,3
24,697,373.18,6
24,751,432.26,8
24,756,0,1
24,761,215.13,3
24,764,410.74,8
24,765,238.55,3
24,769,246.66,5
24,771,193.71,4
24,782,505.22,9
24,789,0,1
24,791,499.1,8
24,793,246.66,4
24,795,0,1
25,250,0,4
25,251,0,4
25,280,0,1
26,96,0,0
27,250,0,4
27,251,0,4
28,47,601.42,7
28,96,384.33,4
28,630,321.19,3
28,637,167.3,1
28,751,145.78,1
28,761,360.91,3
28,764,167.3,1
28,765,384.33,3
28,771,384.33,3
28,772,483.23,4
28,793,167.3,2
29,48,727.859,5
29,250,3420.41,33
29,251,3420.41,33
29,280,0,1
29,789,0,1
30,280,0,1
30,504,257.72,3
30,505,267.9,3
30,510,286.24,4
30,511,286.24,4
30,539,393.01,6
30,608,286.24,4
30,628,260.71,4
30,684,286.24,3
30,730,265.37,4
30,756,0,1
30,763,286.24,3
30,769,286.24,4
30,782,286.24,4
30,783,336.14,4
30,784,0,1
30,788,341.24,4
30,789,336.14,4
30,794,286.24,3
32,38,727.859,10
32,48,727.859,10
32,51,0,1
32,169,3261.08,19
32,250,0,9
32,251,0,9
32,280,0,1
32,304,2452.22,24
32,2129,0,1
32,2326,0,1
33,48,727.859,5
33,96,7377.1,75
33,250,4118.37,41
33,251,4118.37,41
33,280,0,1
33,587,0,1
34,36,0,2
34,44,0,1
34,48,727.859,5
34,53,0,1
34,96,0,1
34,169,2256.44,18
34,250,4156.48,39
34,251,4156.48,39
34,280,0,1
34,304,0,1
34,374,0,5
34,420,0,1
34,421,0,1
34,449,0,1
34,466,134.41,4
34,470,0,1
34,478,0,1
34,479,0,1
34,510,0,1
34,511,0,1
34,530,0,1
34,531,0,1
34,533,0,1
34,534,0,1
34,576,0,1
34,583,0,1
34,587,528.431,11
34,602,0,1
34,608,0,1
34,612,0,1
34,632,0,1
34,650,0,1
34,651,0,1
34,661,0,1
34,664,0,1
34,666,0,1
34,672,0,1
34,673,0,1
34,674,0,1
34,675,0,1
34,682,0,1
34,697,0,1
34,782,0,1
34,795,0,1
35,587,53.08,2
36,587,0,1
36,661,24.36,3
37,38,7687.64,96
37,48,7687.64,96
37,51,5440.48,55
37,52,6924.82,70
37,96,0,0
37,169,13990.4,116
37,304,0,1
37,374,0,5
38,48,727.859,4
38,51,6332.87,73
38,52,12423,112
38,54,727.859,5
38,56,727.859,4
38,57,727.859,4
38,58,8865.8,95
38,61,8080.86,62
38,64,3195.37,41
38,86,727.859,5
38,90,727.859,5
38,96,11408.4,83
38,112,4082.76,52
38,169,11165.9,93
38,244,7063.87,81
38,245,7045.98,81
38,262,4808.89,59
38,304,0,1
38,374,6956.96,82
38,408,4697.63,58
38,549,4686.43,58
38,550,727.859,9
38,670,735.359,3
38,689,735.359,3
38,720,6613.6,82
38,731,7063.78,96
39,40,4826.58,53
39,41,4826.58,53
39,48,4826.58,53
39,169,5079.52,60
39,304,0,1
39,374,0,5
39,2129,0,1
39,2326,0,1
40,48,4645.05,54
40,69,245.4,3
41,48,4826.58,53
41,250,0,1
41,520,160.61,2
41,549,149.11,2
41,550,140.77,2
41,572,140.44,2
41,720,157.96,2
41,731,160.61,2
42,96,2190.03,27
43,53,361.68,5
43,63,361.68,4
43,680,361.68,4
44,420,0,1
44,421,0,1
44,533,0,1
44,587,0,1
44,661,0,1
44,682,0,1
45,48,727.859,5
45,250,3420.41,33
45,251,3420.41,33
45,280,0,1
47,67,601.42,7
48,51,6332.87,73
48,52,12423,112
48,53,727.859,5
48,54,727.859,5
48,56,727.859,4
48,57,727.859,4
48,58,8865.8,95
48,61,8080.86,62
48,64,5507.94,63
48,65,7403.85,94
48,73,727.859,5
48,78,727.859,5
48,85,727.859,5
48,86,727.859,5
48,90,727.859,5
48,96,11408.4,83
48,97,727.859,5
48,110,727.859,5
48,112,6451.78,83
48,132,727.859,5
48,139,727.859,5
48,140,727.859,5
48,168,727.859,5
48,169,11165.9,93
48,184,0,1
48,187,727.859,5
48,189,727.859,5
48,234,727.859,5
48,243,727.859,5
48,244,7063.87,81
48,245,7045.98,81
48,246,727.859,5
48,259,727.859,5
48,261,727.859,5
48,262,7390.77,86
48,263,727.859,5
48,294,727.859,5
48,296,727.859,5
48,298,727.859,5
48,300,727.859,5
48,304,727.859,6
48,306,727.859,5
48,310,727.859,5
48,321,727.859,5
48,322,727.859,5
48,347,727.859,5
48,360,727.859,5
48,362,727.859,5
48,374,7299.86,93
48,379,727.859,5
48,408,4024.92,53
48,409,727.859,10
48,410,730.834,5
48,411,729.932,5
48,440,4801.63,66
48,482,733.904,9
48,483,4801.06,67
48,490,744.164,8
48,491,4801.9,66
48,527,731.011,5
48,549,7052.35,89
48,550,4678.31,58
48,626,731.13,5
48,670,735.359,3
48,680,727.859,5
48,689,735.359,3
48,691,727.859,8
48,707,730.541,5
48,720,7685.01,96
48,731,7687.64,96
48,771,727.859,5
48,831,727.859,5
48,883,727.859,5
48,1496,63.33,4
48,2027,727.859,5
48,2122,727.859,5
48,2258,727.859,5
48,2294,727.859,5
48,2321,0,4
48,2327,727.859,5
48,2428,727.859,5
48,2436,727.859,5
49,96,0,0
49,250,171.6,7
49,251,171.6,7
49,280,0,1
51,169,1838.48,20
51,250,3420.41,38
51,251,3420.41,38
51,259,0,1
51,279,0,6
51,280,0,2
51,300,1165.64,9
51,304,2312.88,21
51,306,0,2
51,310,0,2
51,325,0,1
51,343,425.66,9
51,2122,0,1
51,2126,171.16,2
51,2129,0,1
51,2218,0,1
51,2219,0,1
51,2294,0,1
51,2325,0,1
51,2326,0,1
51,2327,0,1
52,63,0,1
52,90,6709.14,76
52,96,8750.7,100
52,98,0,0
52,168,2987.09,38
52,169,3245.45,43
52,177,0,1
52,250,4162.41,36
52,251,4162.41,36
52,259,3554.33,52
52,262,3554.33,51
52,263,0,2
52,279,2887.65,33
52,280,2782.63,32
52,281,2782.63,33
52,285,2782.63,32
52,300,1165.64,9
52,304,4199.25,45
52,306,0,4
52,310,0,4
52,324,3007.79,32
52,325,3042.59,31
52,326,3007.79,32
52,343,425.66,9
52,385,2386.36,23
52,387,0,1
52,388,0,1
52,393,379.57,8
52,428,0,1
52,429,0,1
52,447,0,0
52,458,0,1
52,466,134.41,3
52,489,0,0
52,619,0,0
52,649,0,0
52,680,0,0
52,695,0,0
52,696,0,1
52,2122,0,1
52,2126,171.16,2
52,2129,0,3
52,2218,0,1
52,2219,0,1
52,2294,0,1
52,2321,0,1
52,2325,0,3
52,2326,0,3
52,2327,0,1
52,2436,154.05,2
53,96,7579.32,71
53,169,2256.44,20
53,250,4162.41,37
53,251,4162.41,37
53,374,0,5
54,169,2256.44,18
55,250,0,5
55,251,0,5
55,280,0,1
56,250,0,6
56,251,0,6
56,280,0,1
57,250,2356.59,13
57,251,2356.59,13
57,280,0,1
58,96,0,0
58,139,372.89,6
58,140,372.89,6
58,177,0,1
58,247,372.89,6
58,250,4306,51
58,251,4306,51
58,280,0,1
58,292,1065.99,12
58,360,0,1
58,374,0,5
58,1238,101.88,2
58,1239,106.28,2
58,1925,0,1
59,169,2256.44,19
60,96,0,0
60,169,2635.95,24
61,88,0,1
61,169,3112.39,33
61,189,1270.8,31
61,210,545.44,11
61,223,1270.8,26
61,243,12433.2,90
61,248,0,1
61,250,0,5
61,251,0,5
61,280,0,1
61,1676,628.42,9
62,280,0,1
63,280,0,1
63,635,317.75,4
63,679,317.75,4
63,702,306.55,4
64,169,1238.16,7
64,177,0,1
64,250,2552.28,33
64,251,2552.28,33
64,280,0,1
65,96,0,0
65,139,396.81,7
65,140,396.81,7
65,169,3259.82,19
65,247,396.81,7
66,139,387.65,5
66,140,387.65,5
66,169,3644.04,23
66,247,387.65,5
66,776,91.51,1
66,1238,144.37,2
66,1239,148.77,2
66,1576,95.91,1
66,1648,98.01,1
66,1649,133.18,2
66,1682,91.51,1
67,96,384.33,4
67,630,321.19,3
67,637,167.3,1
67,751,145.78,1
67,761,360.91,3
67,764,167.3,1
67,765,384.33,3
67,771,384.33,3
67,772,483.23,4
67,793,167.3,2
68,169,5054.73,57
68,304,0,1
68,374,0,5
69,250,0,4
69,251,0,4
69,280,0,1
69,516,237.27,3
69,565,237.27,3
69,566,236.73,3
69,668,245.79,3
71,98,619.73,8
71,137,0,1
72,98,619.73,8
73,96,7607.5,72
73,98,0,2
73,105,0,3
73,106,0,3
73,137,0,1
74,96,0,0
74,98,637.34,7
74,105,637.34,8
74,106,637.34,8
75,130,509.93,7
76,130,509.93,7
77,96,0,0
78,96,7602.12,71
78,98,0,1
78,105,0,2
78,106,0,2
79,96,0,0
80,96,0,0
81,98,637.34,6
82,98,637.34,6
83,96,0,0
84,96,0,0
85,87,0,2
85,96,7607.5,71
85,98,0,0
85,250,0,4
85,251,0,4
85,280,0,1
86,96,0,0
86,250,0,5
86,251,0,5
86,280,0,1
88,96,0,0
88,156,0,1
88,160,0,1
88,177,0,1
88,178,0,1
88,179,0,1
88,185,0,1
88,210,0,1
88,237,0,1
88,248,0,1
88,250,0,3
88,280,0,1
90,96,0,0
90,98,0,0
90,105,0,1
90,106,0,1
90,772,98.9,1
90,789,0,1
96,97,7557.37,77
96,98,0,0
96,99,0,0
96,100,0,0
96,101,0,0
96,104,0,0
96,110,7472.18,75
96,111,79.92,0
96,113,11509.9,118
96,114,7607.5,73
96,115,0,0
96,117,0,0
96,118,0,0
96,119,0,0
96,121,0,0
96,122,0,0
96,125,0,0
96,126,0,0
96,127,0,0
96,128,0,0
96,129,0,0
96,130,10921.3,100
96,133,0,0
96,134,0,0
96,135,0,0
96,136,0,0
96,137,0,1
96,169,12259.2,92
96,186,0,0
96,222,0,0
96,232,0,0
96,233,0,0
96,235,0,0
96,237,0,0
96,244,362.43,0
96,245,339.85,0
96,360,0,0
96,374,5248.86,70
96,402,0,0
96,403,0,0
96,414,0,1
96,433,0,0
96,513,0,0
96,529,0,0
96,575,0,1
96,602,0,0
96,608,0,0
96,609,2190.03,26
96,610,7359.28,74
96,612,7323.28,76
96,613,0,0
96,630,238.55,3
96,655,0,0
96,657,0,0
96,658,0,0
96,659,0,0
96,661,0,1
96,680,2190.03,26
96,690,0,0
96,704,2255.25,27
96,705,2273.31,27
96,708,0,0
96,721,0,0
96,722,0,0
96,724,0,0
96,727,0,0
96,729,0,0
96,735,0,0
96,736,0,0
96,771,2190.03,26
96,772,7983.53,79
96,789,2395.43,30
96,793,5056.62,50
96,827,0,0
96,839,0,0
96,846,0,0
96,847,0,0
96,854,0,0
96,862,0,0
96,863,0,0
96,867,0,0
96,868,0,0
96,871,0,0
96,872,0,0
96,880,0,0
96,881,0,0
96,882,0,0
96,886,0,0
96,887,0,0
96,894,0,0
96,902,0,0
96,903,0,0
96,913,0,0
96,914,0,0
96,916,0,0
96,920,0,0
96,922,0,0
96,923,0,0
96,929,0,0
96,936,0,0
96,937,0,0
96,944,0,0
96,948,0,0
96,949,0,0
96,950,0,0
96,951,0,0
96,952,0,0
96,954,0,0
96,955,0,0
96,956,0,0
96,959,0,0
96,960,0,0
96,962,0,0
96,964,0,0
96,972,0,0
96,973,0,0
96,977,0,0
96,1013,0,0
96,1015,0,0
96,1017,0,0
96,1023,0,0
96,1024,0,0
96,1032,0,0
96,1034,79.92,0
96,1050,0,0
96,1080,0,0
96,1085,0,0
96,1095,0,0
96,1633,0,0
96,1637,0,0
96,1683,0,0
96,1684,0,0
96,1724,0,0
96,1778,0,0
97,250,0,4
97,251,0,4
97,280,0,1
98,113,0,0
98,130,1164.9,20
98,137,637.34,9
98,596,630.81,7
98,598,609.43,8
98,729,637.34,7
98,742,637.34,7
98,848,684.2,8
98,849,688,8
98,852,633.24,7
98,893,637.34,9
98,1020,637.34,8
98,1044,676.21,8
98,1094,637.34,7
101,817,188.57,1
101,822,303.77,4
101,823,239.22,3
101,885,230.43,3
101,932,326.95,6
101,933,327.85,6
101,934,303.77,4
101,949,248.01,3
101,950,255.2,3
101,951,229.53,3
101,952,239.22,3
101,953,291.98,4
101,1087,230.23,3
101,1089,239.22,3
101,1101,231.73,3
101,1365,332.55,6
101,1637,399.31,8
101,1724,393.11,8
105,137,637.34,10
105,742,637.34,8
106,137,637.34,10
106,742,637.34,8
107,138,0,2
108,138,0,1
109,1105,84.75,2
109,1106,93.14,2
110,250,0,4
110,251,0,4
110,280,0,1
110,304,0,1
111,250,79.92,4
111,280,79.92,1
112,114,0,1
112,130,509.93,9
112,250,0,5
112,251,0,5
112,280,0,1
112,304,0,1
113,130,509.93,9
114,130,509.93,10
115,130,509.93,9
118,130,509.93,10
120,280,0,1
125,126,326.27,6
130,133,509.93,8
130,233,509.93,9
130,864,509.93,8
130,897,506.63,8
130,934,509.93,8
130,1637,605.47,9
130,1724,599.27,9
137,1676,617.303,9
138,1010,109.52,2
139,169,0,1
139,247,334.62,5
139,462,334.62,5
139,463,325.77,5
139,1683,372.89,5
140,169,0,1
140,247,334.62,5
140,462,334.62,5
140,463,325.77,5
140,1683,372.89,5
145,202,0,1
145,203,0,1
145,1676,628.42,9
146,177,0,1
147,1676,628.42,9
149,169,2550.15,19
149,195,293.71,1
149,225,293.71,1
149,1208,99.13,1
149,1431,0,1
149,1432,0,1
149,1622,104.85,2
149,1712,106.65,2
149,1925,0,1
150,202,0,1
150,203,0,1
151,153,147.859,3
151,154,147.859,1
151,177,0,1
151,202,0,1
151,203,0,1
152,1676,615.842,9
153,154,147.859,1
153,202,0,1
153,203,0,1
153,1304,66.56,2
154,1676,628.42,9
155,1676,615.842,9
156,177,0,1
156,1304,66.56,2
156,1676,635.42,9
157,169,0,4
157,177,0,1
157,202,0,2
157,203,0,2
160,169,2256.44,18
160,175,0,1
160,1744,0,1
160,2017,0,1
161,177,0,1
161,1676,628.42,9
162,177,0,1
162,1676,549.76,9
164,177,0,1
165,177,0,1
166,169,2256.44,17
166,177,0,1
166,262,2256.44,19
166,304,0,1
166,1332,55.46,3
166,2559,0,1
167,169,3037.18,28
167,250,0,4
167,251,0,4
167,280,0,1
168,169,2256.44,13
168,250,4381.54,43
168,251,4381.54,43
168,259,2256.44,17
168,261,0,1
168,262,2256.44,15
168,280,0,1
168,292,1575.26,15
168,304,2452.22,25
168,321,3187.53,35
168,322,3187.53,32
168,1676,628.42,9
168,2095,0,1
168,2433,0,2
168,2559,0,1
169,171,2670.84,23
169,173,2256.44,17
169,174,2256.44,17
169,189,2256.44,20
169,194,2575.12,20
169,205,2256.44,18
169,222,2256.44,18
169,225,2575.12,20
169,235,2256.44,18
169,239,2256.44,18
169,243,2256.44,20
169,244,2649.12,19
169,245,2624.65,19
169,247,0,1
169,249,5054.73,57
169,250,5428.59,59
169,251,5428.59,59
169,257,2256.44,18
169,260,1342.22,19
169,261,0,1
169,264,3037.18,28
169,265,3037.18,29
169,266,2256.44,18
169,271,1935.12,22
169,276,2111.35,19
169,279,3575.38,38
169,280,3740.67,40
169,281,3037.18,28
169,286,2256.44,18
169,288,2638.08,21
169,292,1593.74,23
169,294,3037.18,26
169,295,1592.15,15
169,296,3037.18,26
169,297,1564.16,16
169,300,1065.99,10
169,329,2256.44,17
169,337,1564.16,17
169,342,1165.64,10
169,344,2256.44,18
169,346,2256.44,16
169,347,2256.44,14
169,349,2256.44,16
169,351,2256.44,14
169,358,1806.48,19
169,359,1386.07,22
169,360,2571.07,26
169,362,1987.03,27
169,374,1379.1,23
169,462,2256.44,18
169,490,59.73,5
169,549,2256.44,19
169,550,2256.44,19
169,720,2256.44,19
169,731,2256.44,19
169,749,3636.9,23
169,1189,3259.96,18
169,1190,0,8
169,1239,1253.83,8
169,1332,2603.08,29
169,1333,906.01,16
169,1334,3240.77,27
169,1336,1191.83,14
169,1337,2256.44,18
169,1339,1191.83,14
169,1416,2256.44,19
169,1433,2256.44,18
169,1441,3448,27
169,1445,1191.83,14
169,1477,3454.45,27
169,1676,628.42,9
169,1833,0,4
169,2028,2256.44,18
169,2086,2286.24,26
169,2087,1582.62,25
169,2109,2275.46,18
169,2110,2272.93,18
169,2137,0,2
169,2189,2996.54,27
169,2190,2276.58,21
169,2191,2222.9,18
169,2252,2244.35,18
169,2255,2256.44,18
169,2307,2274.14,18
169,2372,2259.3,18
169,2407,2264.8,18
169,2413,2256.44,18
169,2428,177.95,3
169,2436,154.05,3
169,2443,2281.95,21
169,2509,2276.16,18
169,2528,2256.44,18
169,2545,2256.44,18
169,2560,2276.16,18
169,2561,2281.95,21
170,1189,49.66,2
170,1190,51.06,2
170,1332,55.46,2
170,1333,40.77,2
170,1445,55.46,2
170,1833,55.46,2
176,177,0,1
176,1243,497.8,7
176,1676,628.42,8
176,1680,518.59,7
176,1738,532.07,7
176,1763,511.59,7
176,1933,518.09,7
176,1974,511.59,7
177,189,0,1
177,190,0,1
177,196,0,1
177,198,0,1
177,200,0,1
177,205,0,1
177,214,0,1
177,215,0,1
177,220,0,1
177,222,0,1
177,225,0,1
177,227,0,1
177,235,0,1
177,241,192.082,3
177,243,0,1
177,292,0,1
177,1145,13.39,1
177,1147,0,2
177,1148,0,2
177,1185,0,1
177,1186,0,1
177,1230,0,1
177,1231,0,1
177,1262,7.79,1
177,1305,0,1
177,1306,0,1
177,1314,0,1
177,1328,0,1
177,1329,0,1
177,1369,0,1
177,1409,0,1
177,1456,0,1
177,1565,0,1
177,1566,0,1
177,1627,0,1
177,1658,0,1
177,1659,0,1
177,1666,0,1
177,1670,0,1
177,1741,192.082,6
177,1742,0,1
177,1743,18.88,1
177,1744,0,3
177,1766,192.082,6
177,1777,0,1
177,1806,0,1
177,1808,0,1
177,1811,0,1
177,1816,0,1
177,1844,0,1
177,1845,0,1
177,1854,11.09,1
177,1856,0,1
177,1860,0,1
177,1861,0,1
177,1869,0,1
177,1915,0,1
177,1916,0,1
177,1917,0,1
177,1958,0,1
177,1968,0,1
177,2017,0,1
177,2018,22.98,1
177,2026,9.59,1
178,1676,0,3
179,1676,0,3
181,1676,628.42,9
183,250,39.87,2
183,280,39.87,1
189,250,0,4
189,251,0,4
189,280,0,1
190,204,0,1
190,1676,630.084,9
192,1304,75.85,3
192,1676,628.42,8
192,1738,532.07,7
194,225,293.71,2
194,250,0,4
194,251,0,4
194,280,0,1
194,1676,628.42,9
194,1925,0,1
195,225,293.71,1
195,1207,117.21,2
195,1676,628.42,9
195,1925,221.77,3
195,1995,517.421,4
196,1676,628.42,9
198,200,0,2
198,233,0,2
198,960,0,1
198,1281,97.54,2
198,1350,0,1
198,1351,0,1
198,1778,0,1
198,1816,0,1
198,1946,0,1
198,1959,0,1
203,1673,0,1
204,1676,628.42,9
205,1676,628.42,9
205,1744,0,4
207,1676,628.42,9
208,1676,549.76,8
210,237,388.43,7
210,248,469.09,8
210,1658,0,2
210,1676,1096.9,17
212,1676,628.42,9
215,1676,628.42,9
218,1531,113.7,3
218,1532,112.5,3
218,1563,164.57,4
218,1681,132.99,3
218,1757,132.99,3
218,1851,183.55,4
221,1676,628.42,9
223,1676,628.42,9
224,248,329.68,6
224,1658,333.68,5
224,1659,329.68,6
224,1676,879.44,15
225,250,0,2
225,1205,293.71,2
225,1206,293.71,2
225,1207,279.22,2
225,1208,256.53,2
225,1276,293.71,2
225,1277,293.71,2
225,1475,232.22,2
225,1476,236.32,2
225,1622,250.81,2
225,1623,513.5,5
225,1654,237.82,2
225,1702,237.82,2
225,1703,237.82,2
225,1711,513.5,5
225,1712,249.01,2
225,1881,293.71,2
225,1897,352.84,5
225,1898,352.84,5
225,1902,293.71,2
225,1995,352.84,6
231,1676,629.189,9
233,1281,97.54,2
233,1351,0,1
234,280,0,1
237,248,388.43,7
240,1676,628.42,9
241,1744,0,1
243,250,0,4
243,251,0,4
243,280,0,1
244,250,362.43,4
244,251,362.43,4
244,280,362.43,1
244,292,956.01,7
244,304,362.43,1
244,2129,362.43,1
244,2326,362.43,1
245,250,339.85,4
245,251,339.85,4
245,280,339.85,1
245,292,932.785,7
245,304,339.85,1
245,2129,339.85,1
245,2326,339.85,1
247,462,334.62,5
247,463,325.77,5
247,1189,301.94,5
247,1190,300.54,5
247,1683,372.89,5
248,1658,473.09,8
248,1659,469.09,8
248,1676,1096.9,17
249,304,0,1
249,374,0,5
250,251,0,3
250,252,0,3
250,259,5311.33,58
250,261,0,5
250,262,5428.59,60
250,263,0,6
250,272,0,4
250,279,0,7
250,294,0,6
250,296,0,6
250,298,0,4
250,300,1320.5,16
250,304,3742.96,42
250,306,3623.52,37
250,310,3623.52,37
250,321,5962.9,62
250,322,5962.9,62
250,329,0,4
250,337,0,4
250,347,0,4
250,351,0,4
250,358,0,4
250,360,0,10
250,362,3412.6,40
250,364,0,4
250,367,0,4
250,373,0,6
250,374,5303.25,69
250,375,0,6
250,379,0,4
250,385,0,4
250,410,20.17,4
250,418,0,1
250,426,40.59,4
250,427,39.16,4
250,428,0,4
250,429,0,4
250,440,27.49,4
250,458,0,4
250,470,0,4
250,476,0,1
250,478,0,2
250,482,40.98,4
250,483,29.58,4
250,485,17.22,4
250,490,59.73,5
250,491,26.27,4
250,492,21.38,4
250,493,55.14,4
250,513,0,5
250,519,18.75,4
250,521,18.12,1
250,527,21.38,4
250,529,0,5
250,548,14.26,4
250,553,14.87,4
250,563,14.26,4
250,564,17.32,4
250,573,0,4
250,590,0,4
250,593,0,4
250,594,0,4
250,595,0,4
250,621,21.4,4
250,626,22.19,4
250,655,0,5
250,656,14.77,4
250,657,0,4
250,667,0,4
250,690,0,4
250,692,45.79,4
250,696,0,4
250,707,18.18,2
250,708,0,5
250,716,24.06,4
250,717,18.65,4
250,718,23.44,4
250,719,43.55,4
250,721,0,4
250,723,0,4
250,741,36.16,4
250,799,44.1,4
250,890,0,1
250,943,0,5
250,1007,0,3
250,1034,79.92,4
250,1373,49.56,3
250,1374,49.56,3
250,1496,63.33,4
250,2028,0,3
250,2029,18.69,4
250,2030,0,4
250,2031,0,3
250,2100,0,3
250,2101,0,3
250,2122,0,5
250,2129,0,1
250,2147,21.2,1
250,2218,0,5
250,2219,0,5
250,2226,0,4
250,2262,0,3
250,2263,0,3
250,2268,0,3
250,2294,0,5
250,2295,0,4
250,2301,0,4
250,2303,0,3
250,2316,0,4
250,2321,0,5
250,2322,0,5
250,2326,0,1
250,2327,0,5
250,2340,0,4
250,2367,0,3
250,2392,144.16,8
250,2413,0,3
250,2427,0,4
250,2428,177.95,8
250,2429,0,4
250,2430,0,4
250,2436,154.05,8
250,2545,0,3
250,2644,0,5
250,2733,0,5
251,252,0,3
251,259,5311.33,58
251,261,0,5
251,262,5428.59,60
251,263,0,6
251,272,0,4
251,294,0,6
251,296,0,6
251,298,0,4
251,300,1320.5,16
251,304,3742.96,42
251,306,3623.52,37
251,310,3623.52,37
251,321,5962.9,62
251,322,5962.9,62
251,337,0,4
251,347,0,4
251,358,0,4
251,360,0,10
251,362,3412.6,40
251,373,0,6
251,374,5303.25,69
251,375,0,6
251,379,0,4
251,385,0,4
251,426,40.59,4
251,427,39.16,4
251,428,0,4
251,429,0,4
251,440,27.49,4
251,482,40.98,4
251,483,29.58,4
251,485,17.22,4
251,490,59.73,5
251,491,26.27,3
251,493,55.14,4
251,513,0,5
251,519,18.75,4
251,529,0,5
251,548,14.26,4
251,553,14.87,4
251,564,17.32,4
251,573,0,4
251,590,0,1
251,593,0,4
251,594,0,4
251,595,0,4
251,621,21.4,4
251,655,0,5
251,656,14.77,2
251,657,0,4
251,667,0,4
251,690,0,4
251,692,45.79,4
251,696,0,4
251,708,0,5
251,716,24.06,4
251,718,23.44,4
251,719,43.55,4
251,741,36.16,4
251,799,44.1,4
251,1496,63.33,4
251,2028,0,3
251,2029,18.69,4
251,2030,0,4
251,2031,0,3
251,2100,0,3
251,2101,0,3
251,2122,0,5
251,2262,0,3
251,2263,0,3
251,2294,0,5
251,2295,0,4
251,2301,0,4
251,2303,0,3
251,2316,0,4
251,2321,0,5
251,2322,0,5
251,2327,0,5
251,2340,0,4
251,2392,144.16,8
251,2413,0,3
251,2427,0,4
251,2428,177.95,8
251,2436,154.05,8
251,2545,0,3
251,2644,0,1
252,280,0,1
253,304,0,1
254,257,332.34,4
254,348,0,1
257,304,0,2
257,346,0,1
258,304,0,1
258,2070,101.01,1
259,280,0,1
259,292,2239.84,26
259,321,0,2
259,322,0,2
259,2126,171.16,2
259,2129,0,1
259,2325,0,1
259,2326,0,1
259,2497,0,1
259,2559,0,1
260,304,4042.52,29
261,280,0,1
261,304,2481.18,24
261,321,3257.52,31
261,322,3257.52,30
261,342,1488.8,13
261,2126,171.16,2
261,2129,0,1
261,2289,0,1
261,2325,0,1
261,2326,0,1
261,2497,0,1
262,280,0,1
262,292,1715.34,18
262,321,0,1
262,322,0,1
262,360,0,1
262,2095,0,2
262,2433,0,2
262,2559,0,2
263,280,0,1
263,300,1165.64,9
263,304,2452.22,23
263,306,0,2
263,310,0,2
263,321,3257.52,30
263,322,3257.52,30
263,343,425.66,9
263,344,0,1
263,2122,0,1
263,2125,0,1
263,2218,0,1
263,2219,0,1
263,2294,0,1
263,2321,0,1
263,2327,0,1
263,2559,0,1
264,281,304.61,12
264,304,1894.92,20
264,343,425.66,9
264,360,0,1
264,2126,171.16,2
264,2129,0,1
264,2189,284.71,5
264,2190,299.66,5
264,2191,0,1
264,2325,0,1
264,2326,0,1
264,2443,304.61,5
264,2561,304.61,5
265,281,304.61,11
265,304,0,1
265,2113,0,1
265,2114,0,1
265,2137,0,1
266,292,1410.4,18
266,304,0,1
266,338,646.58,13
266,340,646.58,13
266,2249,211.19,3
266,2250,230.65,3
268,269,0,1
268,270,0,1
268,289,494.05,4
268,292,555.48,11
268,317,225.31,2
268,319,0,1
268,2084,0,1
268,2085,0,1
268,2142,0,1
268,2144,0,1
268,2201,0,1
268,2397,0,1
268,2482,0,1
269,270,0,1
269,289,494.05,4
269,292,583.255,7
270,289,307.85,5
270,292,541.755,6
270,319,213.22,3
270,332,213.22,2
270,2084,322.03,4
270,2085,322.03,4
270,2142,307.85,4
270,2144,213.22,3
270,2145,222.89,2
270,2187,156.6,2
270,2397,213.22,2
270,2482,213.22,3
270,2490,207.73,2
270,2492,206.17,2
270,2543,213.22,2
271,292,422.095,3
271,304,0,1
272,280,0,1
272,292,583.255,4
272,302,0,1
272,303,0,1
274,292,541.755,4
276,321,444.97,11
276,322,1113.75,17
277,321,305.06,5
278,321,0,2
278,2433,171.33,4
278,2559,0,1
280,281,0,4
280,283,0,1
280,286,0,1
280,287,0,1
280,295,0,1
280,298,0,1
280,300,0,1
280,304,0,2
280,306,0,1
280,310,0,1
280,321,0,1
280,322,0,1
280,327,0,1
280,328,0,1
280,334,0,1
280,337,0,1
280,338,0,1
280,340,0,1
280,347,0,1
280,356,0,1
280,357,0,1
280,359,0,1
280,364,0,1
280,367,0,1
280,373,0,1
280,374,692.46,25
280,375,0,1
280,379,0,1
280,380,0,1
280,385,0,1
280,410,20.17,1
280,418,0,1
280,420,0,1
280,421,0,1
280,426,40.59,1
280,427,39.16,1
280,428,0,1
280,429,0,1
280,440,27.49,1
280,447,0,1
280,457,0,1
280,458,0,1
280,470,0,1
280,475,0,1
280,476,0,1
280,478,0,1
280,479,0,1
280,481,0,1
280,482,40.98,1
280,483,29.58,1
280,485,17.22,1
280,489,0,1
280,490,59.73,1
280,491,26.27,1
280,492,21.38,1
280,493,55.14,1
280,513,0,1
280,519,18.75,1
280,521,18.12,1
280,527,21.38,1
280,529,0,1
280,530,0,1
280,531,0,1
280,532,0,1
280,533,0,1
280,534,0,1
280,548,14.26,1
280,553,14.87,1
280,554,0,1
280,563,14.26,1
280,564,17.32,1
280,576,0,1
280,590,0,1
280,591,0,1
280,599,0,1
280,621,21.4,1
280,626,22.19,1
280,627,0,1
280,632,0,1
280,650,0,1
280,651,0,1
280,655,0,1
280,656,14.77,1
280,657,0,1
280,676,6.92,1
280,682,0,1
280,690,0,1
280,692,45.79,1
280,695,0,1
280,696,0,1
280,707,18.18,1
280,708,0,1
280,716,24.06,1
280,717,18.65,1
280,718,23.44,1
280,719,43.55,1
280,721,0,1
280,728,0,1
280,741,36.16,1
280,791,0,1
280,799,44.1,1
280,1034,79.92,1
280,1326,36.47,1
280,1373,49.56,1
280,1374,49.56,1
280,1490,25.38,1
280,1496,63.33,1
280,1912,25.38,1
280,1921,32.87,1
280,2029,18.69,1
280,2030,0,1
280,2032,5.5,1
280,2035,0,2
280,2036,0,1
280,2109,0,1
280,2110,0,1
280,2122,0,1
280,2147,21.2,1
280,2148,13.41,1
280,2218,0,1
280,2219,0,1
280,2230,0,1
280,2231,0,1
280,2250,0,1
280,2294,0,1
280,2295,0,1
280,2301,0,1
280,2305,0,2
280,2306,0,1
280,2309,0,1
280,2316,0,1
280,2321,0,1
280,2322,0,1
280,2327,0,1
280,2349,0,2
280,2367,0,1
280,2444,0,1
280,2445,0,1
280,2528,0,1
280,2631,0,1
280,2644,0,1
280,2645,0,1
280,2662,0,1
280,2663,0,1
280,2711,0,1
280,2733,0,1
280,2755,0,1
280,2773,0,1
280,2786,0,1
280,2797,0,1
280,2853,0,1
280,2872,0,1
280,2881,0,1
281,304,1894.92,20
281,343,425.66,9
281,360,0,1
281,2126,171.16,2
281,2129,0,1
281,2189,0,1
281,2190,299.66,5
281,2325,0,1
281,2326,0,1
281,2443,304.61,5
281,2561,304.61,5
288,292,541.755,7
288,304,0,1
289,292,567.57,9
289,317,481.96,5
289,2084,322.03,5
289,2085,322.03,5
289,2195,451.4,8
291,2084,29.01,1
291,2085,29.01,1
291,2142,43.19,1
292,295,1679.04,18
292,300,1065.99,8
292,301,801.845,6
292,304,1165.64,12
292,306,1165.64,9
292,310,1165.64,9
292,318,208.4,4
292,328,1126.08,13
292,329,1126.08,13
292,330,1327.02,16
292,331,1327.02,16
292,332,583.255,7
292,335,1410.4,17
292,338,1717.35,22
292,340,1717.35,22
292,341,1165.64,9
292,342,1065.99,8
292,343,1165.64,8
292,353,355.58,7
292,374,0,5
292,772,98.9,2
292,2037,483.195,4
292,2038,481.545,4
292,2045,0,2
292,2046,0,2
292,2051,583.255,7
292,2052,583.255,6
292,2080,656.205,5
292,2081,659.285,5
292,2084,550.084,5
292,2085,550.084,5
292,2086,1126.08,11
292,2087,1133.44,11
292,2104,0,2
292,2122,1169.6,8
292,2126,171.16,2
292,2129,0,1
292,2131,0,1
292,2132,0,1
292,2135,541.755,5
292,2136,538.455,5
292,2137,1403.84,18
292,2140,1139.71,13
292,2141,1126.08,12
292,2142,564.515,5
292,2144,583.255,7
292,2146,672.025,5
292,2149,0,1
292,2150,0,1
292,2151,498.995,5
292,2152,474.405,4
292,2153,0,1
292,2156,0,2
292,2159,583.255,6
292,2164,1065.99,11
292,2174,583.255,7
292,2175,583.255,7
292,2194,568.423,5
292,2195,583.255,6
292,2196,639.715,5
292,2197,541.755,6
292,2207,1136.57,11
292,2211,558.601,5
292,2216,516.245,5
292,2217,522.515,5
292,2218,0,1
292,2219,0,1
292,2244,583.255,6
292,2277,1126.08,13
292,2278,1246.17,13
292,2294,0,1
292,2300,1065.99,11
292,2321,0,1
292,2326,0,1
292,2327,0,1
292,2334,361.08,7
292,2373,643.345,5
292,2377,583.255,7
292,2378,583.255,7
292,2383,1053.35,10
292,2384,1047.85,9
292,2385,1030.16,13
292,2386,1042.35,10
292,2396,0,1
292,2399,1065.99,14
292,2467,670.385,6
292,2474,1126.08,12
292,2480,1065.99,12
292,2482,0,2
292,2484,1065.99,10
292,2485,711.994,10
292,2510,533.505,5
292,2526,1126.08,12
292,2527,1105.55,12
292,2568,1114.44,12
294,295,337.859,1
294,374,0,5
294,2129,0,1
294,2326,0,1
295,296,337.859,1
295,360,0,1
296,374,0,5
296,2129,0,1
296,2326,0,1
298,342,1165.64,9
299,342,1325.53,11
299,2225,176.03,2
299,2226,193.4,2
299,2271,176.03,2
299,2357,166.69,2
299,2443,304.61,5
299,2473,231.05,3
299,2561,304.61,5
299,2571,164.5,2
300,301,801.845,6
300,306,2176.22,16
300,310,2176.22,16
300,341,1350.7,12
300,342,1065.99,9
300,343,1165.64,8
300,353,355.58,6
300,2122,1169.6,8
300,2125,0,1
300,2126,1341.67,11
300,2129,1165.64,10
300,2218,1169.05,8
300,2219,1165.64,8
300,2294,1165.64,8
300,2321,1157.4,8
300,2322,1144.21,8
300,2325,1165.64,10
300,2326,1165.64,10
300,2327,1165.64,8
300,2497,1165.64,10
301,304,0,1
302,2086,146.54,2
302,2087,153.9,2
302,2164,146.54,2
302,2207,136.59,2
303,353,355.58,5
303,2087,0,1
303,2334,361.08,5
304,306,2452.22,23
304,307,0,1
304,308,2452.22,23
304,311,2413.54,23
304,312,2298.96,22
304,321,3331.52,31
304,322,3331.52,31
304,342,1165.64,11
304,347,0,1
304,358,0,3
304,360,1894.92,18
304,362,0,1
304,720,0,1
304,731,0,1
304,2086,0,1
304,2087,0,1
304,2095,0,1
304,2096,45.5,1
304,2109,0,5
304,2110,0,1
304,2122,2456.18,23
304,2125,2452.22,24
304,2126,2220.08,20
304,2129,2180.92,19
304,2156,0,1
304,2189,0,1
304,2190,0,1
304,2191,0,1
304,2207,0,1
304,2218,2455.63,23
304,2219,2452.22,23
304,2242,0,1
304,2294,2452.22,23
304,2321,2443.98,23
304,2322,2430.79,24
304,2325,2173.89,19
304,2326,2180.92,19
304,2327,2452.22,23
304,2333,0,1
304,2334,0,1
304,2335,0,1
304,2340,0,1
304,2389,0,1
304,2392,0,1
304,2419,31.98,1
304,2427,0,1
304,2428,0,1
304,2430,0,1
304,2433,0,1
304,2436,0,1
304,2443,0,1
304,2479,0,1
304,2480,0,1
304,2488,0,10
304,2497,2197.3,18
304,2524,0,1
304,2525,0,1
304,2528,0,1
304,2544,0,1
304,2561,0,1
304,2577,2186.31,19
305,309,3330.09,34
305,2129,0,1
305,2326,0,1
306,310,2176.22,16
306,341,1350.7,12
306,343,425.66,9
306,353,425.66,9
306,2122,0,1
306,2125,0,1
306,2126,171.16,4
306,2129,0,3
306,2218,0,1
306,2219,0,1
306,2294,0,1
306,2321,0,1
306,2322,0,1
306,2325,0,3
306,2326,0,3
306,2327,0,1
306,2497,0,3
306,2577,0,3
309,2129,0,1
309,2326,0,1
310,343,425.66,9
310,353,425.66,9
310,2122,0,1
310,2125,0,1
310,2126,171.16,4
310,2129,0,3
310,2218,0,1
310,2219,0,1
310,2294,0,1
310,2321,0,1
310,2322,0,1
310,2325,0,3
310,2326,0,3
310,2327,0,1
310,2497,0,3
310,2577,0,3
318,2084,252.36,3
318,2085,252.36,3
318,2142,238.18,3
318,2195,208.4,3
319,332,213.22,3
319,2084,454.69,6
319,2085,454.69,6
319,2142,440.51,6
321,322,3257.52,31
321,351,0,1
321,2093,295.5,4
321,2098,0,2
321,2124,426.03,6
321,2307,1093.19,20
321,2392,0,1
321,2423,0,1
321,2435,1044.22,19
321,2436,0,1
321,2439,0,1
321,2508,426.03,6
321,2557,295.5,4
321,2559,0,1
321,2563,1058.95,19
321,2564,410.32,6
321,2567,0,1
322,2125,331.27,6
322,2307,341.27,6
322,2430,323.57,6
322,2438,323.58,6
322,2558,331.27,6
324,326,0,2
324,374,0,5
324,380,294.63,6
325,374,716.84,13
325,375,379.57,5
325,2035,0,2
325,2036,0,2
325,2109,0,1
325,2110,0,1
325,2305,0,2
325,2309,0,1
325,2349,0,2
325,2797,0,1
325,2885,0,1
325,2889,0,1
326,374,1432.86,23
327,2308,98.84,2
327,2441,66.92,1
327,2442,37.04,1
327,2751,66.92,1
327,2752,42.34,1
328,329,206.69,2
328,359,214.33,4
328,360,0,1
328,2443,140.61,2
328,2561,140.61,2
330,331,206.69,2
330,2190,270.24,3
330,2192,206.69,2
330,2443,275.19,3
330,2464,106.18,1
330,2561,275.19,3
331,2190,207.5,3
331,2192,206.69,2
331,2443,212.45,3
331,2468,143.95,1
331,2561,212.45,3
332,2084,322.03,4
332,2085,322.03,4
332,2142,307.85,4
332,2145,222.89,2
332,2490,207.73,2
332,2543,213.22,2
336,340,646.58,11
336,2109,385.1,5
336,2110,382.57,5
336,2190,335.71,5
336,2226,383.45,5
336,2443,340.66,5
336,2561,340.66,5
338,340,646.58,13
338,2113,640.2,14
338,2114,639.76,14
338,2137,640.2,14
340,345,646.58,11
340,2137,640.2,14
341,343,580.52,11
341,2122,0,1
341,2218,0,1
341,2219,0,1
341,2294,0,1
341,2327,0,1
342,343,1320.5,10
342,2122,1169.6,8
342,2218,1169.05,8
342,2219,1165.64,8
342,2294,1320.5,10
342,2321,1312.26,10
342,2322,1299.07,10
342,2327,1320.5,10
342,2333,1225.88,11
342,2334,1231.38,11
342,2335,1225.88,11
343,352,425.66,7
343,353,232.09,4
343,2079,253.6,4
343,2122,236.05,5
343,2125,232.09,5
343,2218,429.07,8
343,2219,425.66,8
343,2294,232.09,5
343,2321,223.85,4
343,2322,210.66,4
343,2327,232.09,5
344,2126,171.16,1
344,2129,140.27,1
344,2325,133.24,1
344,2326,140.27,1
344,2488,133.24,1
344,2497,156.65,1
344,2577,145.66,1
345,2109,385.1,5
345,2110,382.57,5
345,2190,335.71,5
345,2226,383.45,5
345,2443,340.66,5
345,2561,340.66,5
346,351,0,1
351,2068,176.41,2
351,2209,167.07,2
351,2210,159.38,2
351,2290,176.41,2
351,2461,186.84,2
351,2522,162.12,2
351,2559,0,1
352,2122,429.62,7
352,2218,383.17,6
352,2294,425.66,7
352,2321,417.42,7
352,2322,0,1
352,2327,425.66,7
352,2328,389.65,6
352,2329,379.76,6
352,2576,379.76,6
353,2122,236.05,4
353,2218,429.07,8
353,2219,425.66,8
353,2294,232.09,4
353,2321,223.85,4
353,2322,210.66,4
353,2327,232.09,4
353,2369,155.19,2
353,2479,352.28,5
353,2480,355.58,5
353,2520,153.21,2
353,2544,339.95,5
354,381,294.63,3
354,382,294.63,3
354,2591,121.43,1
354,2593,124.73,1
354,2606,116.44,1
354,2612,161.69,1
354,2613,138.71,1
354,2619,143.41,1
354,2620,175.68,1
355,381,294.63,3
355,382,294.63,3
355,2591,121.43,1
355,2593,124.73,1
355,2606,116.44,1
355,2612,161.69,1
355,2613,138.71,1
355,2619,143.41,1
355,2620,175.68,1
356,359,214.33,4
357,359,214.33,4
358,374,0,5
358,2129,0,1
358,2326,0,1
359,360,214.33,4
359,371,214.33,4
359,399,246.33,3
359,400,246.33,2
359,401,246.33,2
359,2602,182.46,3
359,2604,214.33,2
359,2653,214.33,4
359,2654,214.33,3
359,2664,152.78,2
359,2665,164.37,2
359,2784,199.64,2
359,2804,264.79,4
359,2818,260.79,4
359,2819,264.79,4
359,2863,202.34,2
359,2864,180.36,2
359,2865,205.34,2
359,2867,214.33,2
359,2868,214.33,3
359,2869,214.33,2
359,2870,264.79,4
359,2882,168.37,2
359,2895,214.79,2
360,364,550.44,13
360,365,0,1
360,367,550.44,13
360,371,0,1
360,374,748.33,21
360,383,0,1
360,384,0,1
360,2126,171.16,2
360,2129,0,1
360,2326,0,1
360,2443,304.61,5
360,2561,304.61,5
361,374,0,5
362,374,0,5
363,366,0,3
364,367,550.44,8
364,374,692.46,17
364,2636,602.37,9
364,2855,550.44,8
365,374,280.83,12
365,387,404.93,8
365,388,404.93,8
365,2671,0,1
367,374,692.46,17
367,2636,602.37,9
373,374,0,5
374,377,0,5
374,379,0,1
374,381,0,5
374,382,0,5
374,383,280.83,12
374,384,280.83,12
374,390,0,5
374,391,0,5
374,392,0,5
374,393,716.84,13
374,394,0,5
374,395,0,5
374,696,232.54,10
374,2035,0,5
374,2036,0,5
374,2305,0,5
374,2308,0,1
374,2309,0,5
374,2349,0,5
374,2642,0,5
374,2644,0,4
374,2645,0,4
374,2731,0,4
374,2732,0,4
374,2733,0,4
374,2739,0,3
374,2740,0,4
374,2746,0,1
374,2755,0,3
374,2785,0,4
374,2786,0,5
374,2794,0,5
374,2797,0,5
374,2853,0,4
374,2874,0,5
375,391,228.4,4
375,393,347.05,5
376,379,451.13,9
378,379,451.13,9
379,390,193.43,5
381,382,294.63,4
383,387,404.93,8
383,388,404.93,8
383,2671,0,1
384,387,404.93,8
384,388,404.93,8
384,2671,0,1
390,392,228.4,4
390,2642,228.4,4
390,2733,228.4,4
390,2755,228.4,4
390,2874,226.4,4
394,395,0,1
414,728,0,1
420,533,0,1
420,534,0,1
420,682,0,1
421,455,0,1
421,533,0,1
421,534,0,1
421,587,0,1
421,661,0,1
421,672,0,1
421,682,0,1
430,530,52.05,1
431,530,46.44,1
466,2600,220.98,2
466,2798,188.88,2
466,2831,226.48,2
470,2589,51.4,1
470,2590,62.89,1
470,2599,98.99,1
470,2600,109.48,1
470,2774,45.4,1
470,2776,77.38,1
470,2798,77.38,1
470,2831,114.98,1
478,2589,45.79,1
478,2590,57.28,1
478,2599,93.38,1
478,2600,103.87,1
478,2776,71.77,1
478,2798,71.77,1
478,2831,109.37,1
479,2599,76.08,1
479,2600,86.57,1
479,2798,54.47,1
479,2831,92.07,1
510,789,505.04,8
511,789,505.04,8
513,883,118.22,1
526,789,49.09,1
533,576,0,1
533,587,0,1
533,772,98.9,1
534,772,98.9,1
538,789,72.82,2
539,608,112.03,2
539,781,112.03,1
539,789,62.13,2
574,667,122.42,1
574,2030,122.42,1
576,682,0,1
587,608,0,1
587,661,24.36,2
587,664,0,2
587,666,0,1
587,674,0,1
587,675,0,2
587,682,0,1
587,795,0,1
594,720,92.96,1
594,731,95.61,1
596,966,151.28,2
597,1102,80.44,1
604,781,112.03,1
607,789,69.46,1
608,639,254.55,4
608,784,0,1
608,789,505.04,8
610,612,203.67,3
612,733,181.37,3
630,705,320.74,3
630,751,238.55,2
630,765,238.55,2
630,771,238.55,2
630,772,337.45,3
632,639,242.23,4
661,665,0,1
661,682,0,1
667,2027,139.67,1
667,2030,139.67,1
667,2258,132.64,1
682,705,82.19,1
682,772,98.9,1
684,789,336.14,4
685,789,0,1
728,942,61.69,2
735,848,70.18,1
735,849,73.98,1
735,1044,62.19,1
736,849,61.35,1
742,966,157.81,2
749,776,79.09,1
749,1238,131.95,2
749,1239,136.35,2
749,1576,83.49,1
749,1649,120.76,2
754,765,49.9,2
756,789,0,1
761,786,73.32,2
765,772,98.9,1
765,786,49.9,2
769,789,505.04,8
771,789,0,1
777,1238,101.88,1
777,1239,106.28,1
777,1649,90.69,1
782,789,505.04,8
787,789,12.22,1
789,794,0,1
846,962,78.04,1
846,975,12.99,1
846,976,5.3,1
846,1087,14.29,1
846,1089,5.3,1
846,1101,12.79,1
847,962,81.84,1
847,975,9.19,1
847,976,1.5,1
847,1087,10.49,1
847,1089,1.5,1
847,1101,8.99,1
883,1058,95.81,1
890,942,39.81,2
942,943,25.62,2
942,1007,38.21,2
960,1281,97.54,2
1032,1038,11.99,2
1144,1223,493.785,10
1144,1224,511.854,10
1147,1230,0,1
1147,1231,0,1
1147,1566,0,1
1147,1742,43.16,3
1147,1744,0,1
1147,2017,0,1
1148,1230,0,1
1148,1231,0,1
1148,1566,0,1
1148,1742,43.16,3
1148,1744,0,1
1148,2017,0,1
1157,1676,146.9,1
1157,1738,129.21,1
1158,1321,121.82,1
1158,1676,159.99,1
1158,1738,142.3,1
1158,1763,121.82,1
1168,1203,97.35,1
1168,1215,79.67,1
1168,1291,87.36,1
1168,1467,79.67,1
1168,1942,83.77,1
1169,1203,93.55,1
1169,1215,75.87,1
1169,1291,83.56,1
1169,1467,75.87,1
1169,1942,79.97,1
1171,1417,115.53,2
1172,1381,88.64,2
1172,1382,90.04,2
1174,1304,66.56,2
1174,1381,88.64,2
1174,1382,90.04,2
1175,1381,88.64,3
1175,1382,90.04,3
1179,1303,87.04,5
1179,1304,75.85,5
1179,1381,88.64,2
1179,1382,90.04,2
1180,1303,102.53,1
1180,1304,91.34,1
1180,1355,114.82,1
1180,1361,124.11,2
1180,1381,113.42,1
1180,1382,114.82,1
1180,1934,58.16,2
1181,1672,150.8,1
1181,1675,150.8,1
1181,1828,145.6,1
1203,1401,107.04,1
1203,1425,125.12,2
1203,1465,89.54,1
1203,1467,93.55,1
1203,1942,97.65,1
1207,1624,117.21,1
1207,1897,169.48,3
1207,1898,164.38,3
1207,1928,117.21,1
1207,1949,133.9,3
1207,1995,156.29,3
1215,1401,89.36,1
1215,1425,107.44,2
1215,1465,71.86,1
1215,1467,75.87,1
1215,1942,79.97,1
1216,1401,64.97,1
1223,1279,135.92,2
1223,1350,143.12,3
1223,1351,150.32,3
1223,1758,150.32,3
1223,1946,143.12,3
1224,1279,154.71,2
1224,1282,154.71,3
1224,1283,111.64,3
1224,1350,161.91,3
1224,1351,169.11,3
1224,1681,511.854,10
1224,1758,111.64,3
1224,1893,511.854,10
1224,1946,161.91,3
1227,1744,0,1
1228,1744,0,1
1230,1741,0,1
1230,1766,0,1
1231,1741,0,1
1231,1766,0,1
1238,1340,91.59,1
1238,1341,101.88,1
1238,2279,78.69,1
1239,1340,95.99,1
1239,1341,106.28,1
1239,1849,92.59,1
1239,2279,83.09,1
1241,1676,563.17,8
1243,1680,504.8,7
1243,1933,504.3,7
1243,1974,497.8,7
1244,1676,149.7,1
1244,1738,132.01,1
1248,1676,619.93,8
1277,1995,400.832,7
1278,1676,135.71,1
1278,1738,118.02,1
1279,1280,125.43,2
1279,1350,147.51,2
1279,1351,154.71,2
1279,1946,147.51,2
1280,1351,139.83,3
1281,1351,97.54,1
1281,1778,97.54,2
1281,1959,97.54,2
1283,1758,111.64,3
1288,1928,101.92,1
1289,1928,94.52,1
1291,1401,97.05,1
1291,1425,115.13,2
1291,1465,79.55,1
1291,1467,83.56,1
1291,1942,87.66,1
1293,1381,0,1
1303,1360,87.04,3
1303,1361,94.04,2
1303,1363,102.53,1
1303,1381,76.35,1
1303,1382,77.75,1
1303,1542,101.33,1
1303,1543,77.75,1
1303,1544,88.84,2
1303,1545,88.84,2
1303,1551,94.04,2
1303,1950,72.35,1
1303,1971,87.04,2
1304,1360,75.85,3
1304,1361,82.85,2
1304,1363,91.34,1
1304,1381,65.16,1
1304,1382,66.56,1
1304,1542,90.14,1
1304,1543,66.56,1
1304,1544,77.65,2
1304,1545,77.65,2
1304,1551,82.85,2
1304,1673,66.56,2
1304,1676,702.029,13
1304,1700,66.56,2
1304,1738,75.85,4
1304,1950,61.16,1
1304,1952,66.56,2
1304,1970,66.56,2
1304,1971,75.85,2
1314,1744,53.06,3
1320,1676,231.23,2
1321,1676,159.99,1
1321,1738,142.3,1
1321,1763,121.82,1
1332,1333,40.77,2
1341,1649,90.69,1
1351,1778,0,1
1351,1959,0,1
1353,1381,88.64,2
1353,1382,90.04,2
1354,1381,88.64,2
1354,1382,90.04,2
1354,1676,635.42,8
1355,1360,99.33,3
1355,1361,106.33,2
1355,1363,114.82,1
1355,1381,88.64,1
1355,1382,90.04,1
1355,1542,113.62,1
1355,1543,90.04,1
1355,1544,101.13,2
1355,1545,101.13,2
1355,1551,106.33,2
1355,1950,84.64,1
1355,1971,99.33,2
1361,1363,124.11,2
1361,1542,122.91,2
1361,1543,99.33,2
1361,1950,93.93,2
1363,1381,113.42,1
1363,1382,114.82,1
1363,1934,58.16,2
1381,1436,88.64,2
1381,1540,88.64,2
1381,1542,112.22,1
1381,1543,88.64,1
1381,1552,88.64,2
1381,1676,717.06,11
1381,1824,54.17,2
1381,1825,54.17,2
1381,1934,31.98,2
1381,1935,38.28,2
1381,1950,83.24,1
1381,1951,54.17,3
1381,1952,88.64,2
1381,1970,88.64,2
1382,1436,90.04,2
1382,1540,90.04,2
1382,1542,113.62,1
1382,1543,90.04,1
1382,1552,90.04,2
1382,1676,718.46,11
1382,1824,55.57,2
1382,1825,55.57,2
1382,1934,33.38,2
1382,1935,39.68,2
1382,1950,84.64,1
1382,1951,55.57,3
1382,1952,90.04,2
1382,1970,90.04,2
1401,1467,89.36,1
1401,1871,64.97,1
1401,1942,93.46,1
1409,1744,48.56,3
1409,2017,0,1
1417,1816,115.53,2
1425,1426,83.05,3
1425,1467,83.05,3
1425,1942,87.15,3
1465,1942,75.96,1
1468,1676,628.42,8
1468,1680,518.59,7
1468,1738,532.07,7
1468,1933,518.09,7
1468,1974,511.59,7
1475,1949,16.69,2
1476,1897,52.27,2
1476,1898,47.17,2
1476,1925,146.19,2
1476,1995,39.08,2
1493,1676,549.76,9
1494,1676,622.999,9
1495,1676,622.996,9
1496,1676,691.75,9
1497,1676,622.521,8
1497,1680,536.48,7
1497,1738,628.42,8
1497,1763,529.48,7
1497,1933,535.98,7
1497,1974,529.48,7
1498,1676,628.42,9
1500,1676,622.964,9
1500,1738,623.521,9
1501,1676,623.052,9
1511,1676,0,1
1512,1676,0,1
1531,1851,164.26,4
1532,1851,163.06,4
1540,1676,635.42,8
1541,1676,132.51,1
1541,1738,114.82,1
1542,1934,56.96,2
1543,1934,33.38,2
1543,1935,39.68,2
1543,1951,33.38,2
1544,1676,633.62,8
1544,1934,44.47,3
1544,1935,50.77,3
1544,1951,44.47,3
1545,1676,633.62,8
1545,1934,44.47,3
1545,1935,50.77,3
1545,1951,44.47,3
1550,1676,637.82,8
1551,1676,628.42,8
1551,1934,49.67,3
1551,1935,55.97,3
1551,1951,49.67,3
1552,1676,615.53,8
1563,1681,164.57,4
1563,1695,29.77,1
1564,1681,161.17,4
1564,1695,33.17,1
1566,1741,0,1
1566,1766,0,1
1603,1676,253.52,3
1623,1925,0,1
1624,1928,94.52,1
1649,2279,67.5,1
1654,1925,147.69,2
1654,1949,16.69,2
1672,1675,150.8,1
1675,1828,145.6,1
1676,1679,623.07,9
1676,1680,622.864,8
1676,1688,121.22,1
1676,1697,0,1
1676,1706,637.82,8
1676,1707,115.82,1
1676,1742,0,3
1676,1933,622.88,8
1676,1971,635.42,8
1676,1974,628.42,8
1676,2014,0,1
1680,1738,539.07,7
1680,1763,518.59,7
1681,1851,183.55,4
1694,1851,22.78,1
1695,1851,10.79,1
1695,1953,10.79,1
1702,1897,52.27,2
1702,1898,47.17,2
1702,1925,147.69,2
1702,1928,39.08,2
1702,1995,39.08,2
1703,1897,52.27,2
1703,1898,47.17,2
1703,1925,147.69,2
1703,1928,39.08,2
1703,1995,39.08,2
1711,1925,0,1
1714,1928,83.63,1
1738,1933,538.57,7
1738,1974,532.07,7
1741,1742,35.07,3
1741,1744,0,1
1741,2017,0,1
1742,1744,35.07,3
1742,1766,35.07,3
1742,2017,47.96,3
1743,1744,18.88,1
1744,1766,0,1
1744,1844,0,1
1744,1854,11.09,1
1744,1916,0,1
1763,1933,518.09,7
1763,1974,511.59,7
1766,2017,0,1
1824,1951,55.57,2
1825,1951,55.57,2
1897,1928,52.27,1
1897,1948,52.27,1
1897,1949,29.88,1
1898,1928,47.17,1
1898,1948,47.17,1
1898,1949,24.78,1
1925,1949,205.28,5
1928,1948,39.08,1
1928,1949,16.69,1
1928,1995,39.08,1
1934,1950,27.98,2
1934,1951,33.38,2
1934,1971,42.67,3
1935,1950,34.28,2
1935,1951,39.68,2
1935,1971,48.97,3
1948,1995,39.08,1
1949,1995,16.69,1
1950,1951,27.98,2
1951,1971,42.67,3
2027,2030,139.67,1
2030,2258,132.64,1
2040,2479,152.56,2
2040,2480,155.86,2
2041,2088,127.32,1
2041,2089,133.59,1
2041,2411,119.3,1
2041,2479,130.29,1
2041,2480,133.59,1
2041,2544,117.96,1
2084,2143,108.81,2
2084,2145,99.14,2
2084,2155,29.01,1
2084,2195,252.36,3
2084,2395,180.58,3
2084,2401,119.36,2
2084,2490,114.3,2
2084,2543,108.81,2
2085,2143,108.81,2
2085,2145,99.14,2
2085,2155,29.01,1
2085,2195,252.36,3
2085,2395,180.58,3
2085,2401,119.36,2
2085,2490,114.3,2
2085,2543,108.81,2
2095,2559,0,1
2102,2138,140.61,1
2102,2189,120.71,1
2102,2190,135.66,1
2102,2191,107.07,1
2102,2443,140.61,1
2102,2561,140.61,1
2103,2189,101.03,1
2103,2190,115.98,1
2103,2443,120.93,1
2103,2561,120.93,1
2109,2129,0,1
2109,2168,168.64,2
2109,2189,303.73,4
2109,2190,318.68,5
2109,2191,290.09,4
2109,2220,113.7,1
2109,2221,111.17,1
2109,2226,242.62,3
2109,2326,0,1
2109,2370,208.86,3
2109,2371,199.74,3
2109,2408,113.7,1
2109,2409,105.03,1
2109,2443,323.63,5
2109,2494,208.86,3
2109,2561,323.63,5
2110,2129,0,1
2110,2168,166.11,2
2110,2189,301.2,4
2110,2190,316.15,5
2110,2191,287.56,4
2110,2220,111.17,1
2110,2221,108.64,1
2110,2226,240.09,3
2110,2326,0,1
2110,2370,206.33,3
2110,2371,197.21,3
2110,2408,111.17,1
2110,2409,102.5,1
2110,2443,321.1,5
2110,2494,206.33,3
2110,2561,321.1,5
2122,2126,171.16,3
2122,2129,0,2
2122,2325,0,2
2122,2326,0,2
2123,2289,83.63,1
2123,2446,75.94,1
2123,2536,83.63,1
2126,2128,171.16,2
2126,2129,178.19,1
2126,2218,171.16,3
2126,2219,171.16,3
2126,2294,171.16,3
2126,2321,171.16,3
2126,2322,171.16,2
2126,2325,171.16,1
2126,2326,178.19,1
2126,2327,171.16,3
2126,2362,171.16,2
2127,2129,0,1
2127,2326,0,1
2128,2129,0,1
2128,2325,0,1
2128,2326,0,1
2129,2218,0,2
2129,2219,0,2
2129,2293,12.42,1
2129,2294,0,2
2129,2321,0,2
2129,2322,0,2
2129,2327,0,2
2129,2361,0,1
2129,2362,0,1
2129,2497,163.68,1
2129,2498,0,1
2129,2528,0,1
2129,2533,10.99,1
2138,2189,120.71,1
2138,2190,135.66,1
2138,2191,107.07,1
2138,2443,140.61,1
2138,2561,140.61,1
2139,2189,110.92,1
2139,2190,125.87,1
2139,2191,97.28,1
2139,2443,130.82,1
2139,2561,130.82,1
2142,2155,43.19,1
2142,2395,166.4,3
2142,2490,100.12,2
2142,2543,94.63,2
2144,2395,136.62,1
2172,2189,94.87,1
2172,2190,109.82,1
2172,2443,114.77,1
2172,2561,114.77,1
2173,2189,105.2,1
2173,2190,120.15,1
2173,2191,91.56,1
2173,2443,125.1,1
2173,2561,125.1,1
2174,2395,123.1,1
2175,2395,119.8,1
2189,2370,284.71,4
2189,2528,284.71,4
2190,2220,299.66,4
2190,2307,299.66,6
2190,2309,299.66,5
2190,2370,299.66,4
2190,2371,290.54,4
2190,2407,299.66,6
2190,2494,299.66,4
2190,2528,299.66,4
2200,2395,95.95,1
2201,2395,114.2,1
2218,2326,0,2
2219,2326,0,2
2220,2443,304.61,4
2220,2528,94.68,1
2220,2561,304.61,4
2221,2443,302.08,4
2221,2528,92.15,1
2221,2561,302.08,4
2226,2380,193.4,2
2252,2340,118.44,1
2252,2392,132.07,1
2252,2427,143.72,1
2252,2428,165.86,1
2252,2436,141.96,1
2255,2340,130.53,1
2255,2392,144.16,1
2255,2427,155.81,1
2255,2428,177.95,1
2255,2429,130.53,1
2255,2436,154.05,1
2255,2443,304.61,6
2255,2561,304.61,6
2293,2326,12.42,1
2294,2325,0,2
2294,2326,0,2
2305,2891,135.35,3
2307,2340,148.23,1
2307,2392,161.86,1
2307,2423,276.19,3
2307,2427,173.51,1
2307,2428,195.65,1
2307,2429,148.23,1
2307,2430,207.28,2
2307,2436,171.75,1
2307,2443,304.61,6
2307,2561,304.61,6
2309,2443,304.61,5
2309,2561,304.61,5
2321,2325,0,2
2321,2326,0,2
2322,2325,0,1
2322,2326,0,2
2325,2327,0,2
2325,2362,0,1
2326,2327,0,2
2326,2361,0,1
2326,2362,0,1
2326,2497,163.68,1
2326,2498,0,1
2326,2528,0,1
2326,2533,10.99,1
2333,2479,352.28,5
2333,2480,355.58,5
2334,2369,160.69,2
2334,2479,357.78,5
2334,2480,361.08,5
2334,2520,158.71,2
2335,2479,352.28,5
2335,2480,355.58,5
2340,2372,133.39,1
2340,2407,138.89,1
2340,2423,258.49,3
2340,2427,155.81,1
2340,2428,177.95,1
2340,2429,130.53,1
2340,2430,189.58,2
2340,2559,0,1
2370,2443,304.61,4
2370,2528,189.84,3
2370,2561,304.61,4
2371,2443,295.49,4
2371,2528,180.72,3
2371,2561,295.49,4
2372,2392,147.02,1
2372,2427,158.67,1
2372,2428,180.81,1
2372,2429,133.39,1
2372,2436,156.91,1
2372,2443,304.61,6
2372,2561,304.61,6
2377,2395,136.62,1
2378,2395,132.22,1
2382,2395,95.95,1
2387,2550,115.61,1
2389,2550,115.61,1
2392,2407,152.52,1
2392,2423,272.12,3
2392,2425,224.09,2
2392,2427,169.44,1
2392,2428,191.58,1
2392,2429,144.16,1
2392,2430,203.21,2
2392,2559,0,1
2395,2482,123.43,1
2395,2506,95.95,1
2407,2427,164.17,1
2407,2428,186.31,1
2407,2429,138.89,1
2407,2436,162.41,1
2407,2443,304.61,6
2407,2561,304.61,6
2408,2528,94.68,1
2423,2430,127.96,2
2423,2436,282.01,3
2423,2559,0,1
2425,2430,210.46,2
2425,2436,233.98,2
2427,2436,179.33,1
2428,2436,201.47,1
2429,2436,154.05,1
2430,2436,213.1,2
2430,2532,201.23,2
2433,2559,0,1
2436,2532,224.75,2
2436,2559,0,1
2437,2559,0,1
2439,2559,0,1
2441,2442,37.04,1
2441,2445,154.08,2
2443,2494,304.61,4
2443,2528,304.61,4
2443,2797,304.61,5
2494,2561,304.61,4
2528,2561,304.61,4
2561,2797,304.61,5
2590,2600,72.08,1
2590,2831,77.58,1
2593,2612,161.69,1
2593,2620,175.68,2
2599,2798,76.08,1
2600,2798,86.57,1
2606,2620,167.39,2
2629,2745,71.54,1
2642,2875,158.38,2
2643,2745,82.03,1
2643,2770,74.04,1
2667,2669,72.85,1
2667,2771,59.76,1
2669,2768,59.66,1
2688,2871,80.94,1
2732,2779,96.12,2
2740,2779,0,1
2745,2748,82.41,1
2745,2761,108.41,1
2745,2767,97.72,1
2745,2872,97.72,1
2748,2770,74.42,1
2761,2770,100.42,1
2761,2854,88.33,1
2761,2872,108.41,1
2767,2770,89.73,1
2767,2854,77.64,1
2770,2872,89.73,1
2779,2785,0,1
2798,2831,92.07,1
2875,2877,99.83,1
2883,2884,0,1
